{
  "1": {
    "vamp_e_scores": [
      2.4686040726427674,
      2.5032746465486713,
      1.9615275078952008,
      2.5094243062505175,
      1.8620967287705654
    ],
    "mean_score": 2.2609854524215445,
    "std_score": 0.287164999100183
  },
  "2": {
    "vamp_e_scores": [
      2.3473193273218524,
      2.529004299627307,
      1.8017877934500799,
      2.391332702701831,
      1.7847821622517155
    ],
    "mean_score": 2.1708452570705576,
    "std_score": 0.3140967480100081
  },
  "3": {
    "vamp_e_scores": [
      2.221104066036228,
      2.548236020241985,
      1.4565187465477076,
      2.3173304826174546,
      1.66407393257037
    ],
    "mean_score": 2.041452649602749,
    "std_score": 0.412255979203242
  },
  "4": {
    "vamp_e_scores": [
      2.1062696380464816,
      2.5642708277157737,
      1.2438283327122117,
      2.28610216900835,
      1.6205498373383374
    ],
    "mean_score": 1.964204160964231,
    "std_score": 0.47348084649418276
  },
  "5": {
    "vamp_e_scores": [
      2.0173490223041206,
      2.576039359478672,
      1.197733553230574,
      2.252572993819744,
      1.632999299804366
    ],
    "mean_score": 1.9353388457274954,
    "std_score": 0.48027723049243937
  },
  "6": {
    "vamp_e_scores": [
      2.003760015387711,
      2.581856121955237,
      1.184362364816184,
      2.2372715099826714,
      1.6291408852861857
    ],
    "mean_score": 1.9272781794855978,
    "std_score": 0.48398912649394876
  },
  "7": {
    "vamp_e_scores": [
      1.950421655560083,
      2.6248121545739416,
      1.1758654334696066,
      2.2226713606394366,
      1.6304229378648614
    ],
    "mean_score": 1.9208387084215857,
    "std_score": 0.4953550673556531
  },
  "8": {
    "vamp_e_scores": [
      1.8917186923219285,
      2.695971556310909,
      1.1709784704190649,
      2.203724664624633,
      1.6281132871119595
    ],
    "mean_score": 1.918101334157699,
    "std_score": 0.5156829363398331
  },
  "9": {
    "vamp_e_scores": [
      1.8082349323980922,
      2.7555202955032216,
      1.1654249118094548,
      2.184828768437692,
      1.625326576427931
    ],
    "mean_score": 1.9078670969152782,
    "std_score": 0.5359477259429712
  },
  "10": {
    "vamp_e_scores": [
      1.7565551351512934,
      2.7554711860391614,
      1.161553326230748,
      2.1773215693456924,
      1.620375713886795
    ],
    "mean_score": 1.8942553861307379,
    "std_score": 0.5390070241957386
  },
  "11": {
    "vamp_e_scores": [
      1.646392580437774,
      2.7402496606075792,
      1.1584199689665922,
      2.1616266826580715,
      1.620119302549497
    ],
    "mean_score": 1.8653616390439027,
    "std_score": 0.5405663332970517
  },
  "12": {
    "vamp_e_scores": [
      1.6006553172998481,
      2.733839213865874,
      1.1543659643271376,
      2.1503780080765478,
      1.615736040047284
    ],
    "mean_score": 1.8509949087233384,
    "std_score": 0.5426514239908198
  },
  "13": {
    "vamp_e_scores": [
      1.5075928456765813,
      2.7285273790124616,
      1.1512429645473856,
      2.144340761855983,
      1.607950721478961
    ],
    "mean_score": 1.8279309345142747,
    "std_score": 0.551380726661051
  },
  "14": {
    "vamp_e_scores": [
      1.4422738477397887,
      2.71956460763046,
      1.1494246799180277,
      2.1324580496953955,
      1.6039093530686728
    ],
    "mean_score": 1.8095261076104687,
    "std_score": 0.555939111361559
  },
  "15": {
    "vamp_e_scores": [
      1.376757062346551,
      2.7129295516936964,
      1.1463762153571724,
      2.122003809085518,
      1.6009212555403922
    ],
    "mean_score": 1.791797578804666,
    "std_score": 0.5626333448123843
  },
  "16": {
    "vamp_e_scores": [
      1.3399085180542296,
      2.708996510329373,
      1.1447272625294374,
      2.110107190306193,
      1.5977788450766055
    ],
    "mean_score": 1.780303665259168,
    "std_score": 0.566120362641945
  },
  "17": {
    "vamp_e_scores": [
      1.2903324568732706,
      2.704134779353647,
      1.1431019070174806,
      2.096692266723057,
      1.5958849777050834
    ],
    "mean_score": 1.7660292775345077,
    "std_score": 0.5714289110385224
  },
  "18": {
    "vamp_e_scores": [
      1.2244078730535755,
      2.700505791064347,
      1.140590639420593,
      2.093541122078806,
      1.5915477610769946
    ],
    "mean_score": 1.7501186373388635,
    "std_score": 0.5821023373465383
  },
  "19": {
    "vamp_e_scores": [
      1.1733800797291232,
      2.698822224614064,
      1.1389058971950567,
      2.090326818506053,
      1.5900068388620072
    ],
    "mean_score": 1.7382883717812612,
    "std_score": 0.5910878940877511
  },
  "20": {
    "vamp_e_scores": [
      1.144184048045462,
      2.6937924226191434,
      1.1367217038946529,
      2.08750033084847,
      1.5879464064702824
    ],
    "mean_score": 1.730028982375602,
    "std_score": 0.5953219307036697
  },
  "25": {
    "vamp_e_scores": [
      0.9451579701234016,
      2.68061015020474,
      1.1305438588705714,
      2.060121391263662,
      1.5759052085397547
    ],
    "mean_score": 1.678467715800426,
    "std_score": 0.6322075277662845
  },
  "30": {
    "vamp_e_scores": [
      0.8121969698709188,
      2.6656976336917424,
      1.1236876337029689,
      2.040068331365084,
      1.5648911011594557
    ],
    "mean_score": 1.6413083339580339,
    "std_score": 0.6587229174395742
  },
  "35": {
    "vamp_e_scores": [
      0.6968320837893662,
      2.652167885951457,
      1.1189617826427944,
      2.0184204671405714,
      1.5583725602310468
    ],
    "mean_score": 1.608950955951047,
    "std_score": 0.6827261888428887
  },
  "40": {
    "vamp_e_scores": [
      0.5799032729826563,
      2.643465902836786,
      1.1137241467913241,
      2.002482204352055,
      1.549191514714027
    ],
    "mean_score": 1.5777534083353697,
    "std_score": 0.7110529517640711
  },
  "45": {
    "vamp_e_scores": [
      0.47123080489889846,
      2.63193411091989,
      1.11036534952064,
      1.9899102597871594,
      1.5397672194641419
    ],
    "mean_score": 1.548641548918146,
    "std_score": 0.7377288854436964
  },
  "50": {
    "vamp_e_scores": [
      0.3355409203999402,
      2.627723378899805,
      1.106463804933638,
      1.9701908069643426,
      1.535987128762705
    ],
    "mean_score": 1.515181207992086,
    "std_score": 0.7750893919048808
  },
  "best_lag": 1
}