{
  "cluster_centers": {
    "A": [
      -0.4368772527468326,
      -0.7197998022149618
    ],
    "B": [
      0.14490547066773274,
      -0.6040261729038852
    ],
    "C": [
      0.5850853087129854,
      -0.8641708290102963
    ],
    "D": [
      1.3686641888221376,
      -0.08389006401869716
    ],
    "E": [
      2.2757433961682514,
      0.031421228432661784
    ],
    "F": [
      2.8319192516777028,
      0.0927411154761727
    ],
    "G": [
      0.6959834843241,
      1.835913598206778
    ],
    "H": [
      -0.23181111695930154,
      1.072629416413683
    ],
    "I": [
      -0.9499193646014271,
      1.1302450385043208
    ],
    "J": [
      3.159550928703486,
      3.351321900329937
    ],
    "K": [
      2.6504850556911643,
      4.803902885488308
    ]
  }
}