{
    "XGBoost": {
        "best_params": {
            "model__learning_rate": 0.05,
            "model__max_depth": 9,
            "model__n_estimators": 700,
            "model__reg_alpha": 0.2,
            "model__reg_lambda": 1.0
        },
        "mse": 0.3823997720541749,
        "r2": 0.5827472092402797,
        "feature_importance": {
            "tyr143_ca_cb_cg_cd1-dihedral": 0.08391357213258743,
            "tyr143_ce1_cz_oh_hh-dihedral": 0.062082093209028244,
            "asn142_c-tyr143_n_ca_c-dihedral": 0.02051118016242981,
            "tyr143_n_ca_c-asn144_n-dihedral": 0.04562896117568016,
            "tyr143_c-asn144_n_ca_c-dihedral": 0.24457068741321564,
            "asn144_n_ca_c-cys145_n-dihedral": 0.02781781554222107,
            "asn144_c-cys145_n_ca_c-dihedral": 0.0407317578792572,
            "cys145_n_ca_c-his146_n-dihedral": 0.07699139416217804,
            "cys145_c-his146_n_ca_c-dihedral": 0.08864735811948776,
            "his146_n_ca_c-asn147_n-dihedral": 0.023875221610069275,
            "ser200_c-thr201_n_ca_c-dihedral": 0.08598941564559937,
            "thr201_n_ca_c-cys202_n-dihedral": 0.05358748510479927,
            "thr201_c-cys202_n_ca_c-dihedral": 0.025511201471090317,
            "cys202_n_ca_c-ser203_n-dihedral": 0.048823654651641846,
            "cys202_c-ser203_n_ca_c-dihedral": 0.02417004108428955,
            "ser203_n_ca_c-ala204_n-dihedral": 0.02077912539243698,
            "leu219_c-glu220_n_ca_c-dihedral": 0.012529761530458927,
            "glu220_n_ca_c-phe221_n-dihedral": 0.013839276507496834
        }
    },
    "ElasticNet": {
        "best_params": {
            "model__alpha": 0.0001,
            "model__l1_ratio": 0.2,
            "model__max_iter": 100000
        },
        "mse": 0.6210746886418193,
        "r2": 0.32231877201718073,
        "feature_importance": {
            "tyr143_ca_cb_cg_cd1-dihedral": 0.16000330463729634,
            "tyr143_ce1_cz_oh_hh-dihedral": 0.13657660150070214,
            "asn142_c-tyr143_n_ca_c-dihedral": 0.000836785166049163,
            "tyr143_n_ca_c-asn144_n-dihedral": 0.25861032178963295,
            "tyr143_c-asn144_n_ca_c-dihedral": 0.4585305288851021,
            "asn144_n_ca_c-cys145_n-dihedral": 0.00022632384042440578,
            "asn144_c-cys145_n_ca_c-dihedral": 0.01731916133405898,
            "cys145_n_ca_c-his146_n-dihedral": 0.24464035497511993,
            "cys145_c-his146_n_ca_c-dihedral": 0.2926050972249648,
            "his146_n_ca_c-asn147_n-dihedral": 0.0048341410249671014,
            "ser200_c-thr201_n_ca_c-dihedral": 0.10725512016698496,
            "thr201_n_ca_c-cys202_n-dihedral": 0.010683037583380463,
            "thr201_c-cys202_n_ca_c-dihedral": 0.07163401572529238,
            "cys202_n_ca_c-ser203_n-dihedral": 0.12383844007327197,
            "cys202_c-ser203_n_ca_c-dihedral": 0.03239951547436627,
            "ser203_n_ca_c-ala204_n-dihedral": 0.01714581980676033,
            "leu219_c-glu220_n_ca_c-dihedral": 0.010718268791039395,
            "glu220_n_ca_c-phe221_n-dihedral": 0.0220581136379841
        }
    }
}