{
    "reduced": {
        "XGBoost": {
            "best_params": {
                "model__learning_rate": 0.05,
                "model__max_depth": 9,
                "model__n_estimators": 400,
                "model__reg_alpha": 0.1,
                "model__reg_lambda": 0.8
            },
            "mse": 0.3743462939204936,
            "r2": 0.4750205773433397,
            "feature_importance": {
                "tyr143_ca_cb_cg_cd1-dihedral": 0.06450345367193222,
                "tyr143_ce1_cz_oh_hh-dihedral": 0.10160662233829498,
                "asn142_c-tyr143_n_ca_c-dihedral": 0.03552604094147682,
                "tyr143_n_ca_c-asn144_n-dihedral": 0.06176268309354782,
                "tyr143_c-asn144_n_ca_c-dihedral": 0.1342943161725998,
                "asn144_n_ca_c-cys145_n-dihedral": 0.0627477839589119,
                "asn144_c-cys145_n_ca_c-dihedral": 0.06824005395174026,
                "cys145_n_ca_c-his146_n-dihedral": 0.033623870462179184,
                "cys145_c-his146_n_ca_c-dihedral": 0.03220314159989357,
                "his146_n_ca_c-asn147_n-dihedral": 0.10474784672260284,
                "ser200_c-thr201_n_ca_c-dihedral": 0.045827314257621765,
                "thr201_n_ca_c-cys202_n-dihedral": 0.05416762828826904,
                "thr201_c-cys202_n_ca_c-dihedral": 0.03628475219011307,
                "cys202_n_ca_c-ser203_n-dihedral": 0.045713160187006,
                "cys202_c-ser203_n_ca_c-dihedral": 0.042927540838718414,
                "ser203_n_ca_c-ala204_n-dihedral": 0.030913442373275757,
                "leu219_c-glu220_n_ca_c-dihedral": 0.0228413175791502,
                "glu220_n_ca_c-phe221_n-dihedral": 0.022069044411182404
            }
        },
        "ElasticNet": {
            "best_params": {
                "model__alpha": 1e-05,
                "model__l1_ratio": 1.0,
                "model__max_iter": 100000
            },
            "mse": 0.5446001894788606,
            "r2": 0.2362582515320898,
            "feature_importance": {
                "tyr143_ca_cb_cg_cd1-dihedral": 0.15150874059294425,
                "tyr143_ce1_cz_oh_hh-dihedral": 0.20088668026998135,
                "asn142_c-tyr143_n_ca_c-dihedral": 0.012779626995981681,
                "tyr143_n_ca_c-asn144_n-dihedral": 0.27797852213058377,
                "tyr143_c-asn144_n_ca_c-dihedral": 0.3687927778986125,
                "asn144_n_ca_c-cys145_n-dihedral": 0.052055315462741066,
                "asn144_c-cys145_n_ca_c-dihedral": 0.009445104709317672,
                "cys145_n_ca_c-his146_n-dihedral": 0.00870361386845962,
                "cys145_c-his146_n_ca_c-dihedral": 0.08235735132506891,
                "his146_n_ca_c-asn147_n-dihedral": 0.15549791697018236,
                "ser200_c-thr201_n_ca_c-dihedral": 0.1756504365263257,
                "thr201_n_ca_c-cys202_n-dihedral": 0.32342190615895827,
                "thr201_c-cys202_n_ca_c-dihedral": 0.19945623323345898,
                "cys202_n_ca_c-ser203_n-dihedral": 0.0788347874626825,
                "cys202_c-ser203_n_ca_c-dihedral": 0.026715874281148074,
                "ser203_n_ca_c-ala204_n-dihedral": 0.0008995910860452826,
                "leu219_c-glu220_n_ca_c-dihedral": 0.018218259511534232,
                "glu220_n_ca_c-phe221_n-dihedral": 0.020950807808751356
            }
        }
    },
    "oxidized": {
        "XGBoost": {
            "best_params": {
                "model__learning_rate": 0.05,
                "model__max_depth": 7,
                "model__n_estimators": 400,
                "model__reg_alpha": 0.1,
                "model__reg_lambda": 0.9
            },
            "mse": 0.23625623066386534,
            "r2": 0.25976887285118977,
            "feature_importance": {
                "tyr143_ca_cb_cg_cd1-dihedral": 0.05804881826043129,
                "tyr143_ce1_cz_oh_hh-dihedral": 0.08418475836515427,
                "asn142_c-tyr143_n_ca_c-dihedral": 0.027864612638950348,
                "tyr143_n_ca_c-asn144_n-dihedral": 0.07922103255987167,
                "tyr143_c-asn144_n_ca_c-dihedral": 0.07645855098962784,
                "asn144_n_ca_c-cys145_n-dihedral": 0.054502274841070175,
                "asn144_c-cys145_n_ca_c-dihedral": 0.16770963370800018,
                "cys145_n_ca_c-his146_n-dihedral": 0.026014331728219986,
                "cys145_c-his146_n_ca_c-dihedral": 0.024829020723700523,
                "his146_n_ca_c-asn147_n-dihedral": 0.03820313513278961,
                "ser200_c-thr201_n_ca_c-dihedral": 0.043358974158763885,
                "thr201_n_ca_c-cys202_n-dihedral": 0.05981884151697159,
                "thr201_c-cys202_n_ca_c-dihedral": 0.04767733812332153,
                "cys202_n_ca_c-ser203_n-dihedral": 0.04991982877254486,
                "cys202_c-ser203_n_ca_c-dihedral": 0.06089835613965988,
                "ser203_n_ca_c-ala204_n-dihedral": 0.051171910017728806,
                "leu219_c-glu220_n_ca_c-dihedral": 0.02581525221467018,
                "glu220_n_ca_c-phe221_n-dihedral": 0.024303345009684563
            }
        },
        "ElasticNet": {
            "best_params": {
                "model__alpha": 1e-05,
                "model__l1_ratio": 0.2,
                "model__max_iter": 100000
            },
            "mse": 0.2808743705317304,
            "r2": 0.11997261912756452,
            "feature_importance": {
                "tyr143_ca_cb_cg_cd1-dihedral": 0.04620292729346592,
                "tyr143_ce1_cz_oh_hh-dihedral": 0.06105842010018041,
                "asn142_c-tyr143_n_ca_c-dihedral": 0.0026320327528671136,
                "tyr143_n_ca_c-asn144_n-dihedral": 0.1304616798046762,
                "tyr143_c-asn144_n_ca_c-dihedral": 0.14089210051332277,
                "asn144_n_ca_c-cys145_n-dihedral": 0.027945227251811814,
                "asn144_c-cys145_n_ca_c-dihedral": 0.09952705999393413,
                "cys145_n_ca_c-his146_n-dihedral": 0.01827347010449115,
                "cys145_c-his146_n_ca_c-dihedral": 0.02964363167514616,
                "his146_n_ca_c-asn147_n-dihedral": 0.012253168558014185,
                "ser200_c-thr201_n_ca_c-dihedral": 0.07535794372536714,
                "thr201_n_ca_c-cys202_n-dihedral": 0.07649813259837143,
                "thr201_c-cys202_n_ca_c-dihedral": 0.08778999626317957,
                "cys202_n_ca_c-ser203_n-dihedral": 0.04350558435456641,
                "cys202_c-ser203_n_ca_c-dihedral": 0.02569845845879449,
                "ser203_n_ca_c-ala204_n-dihedral": 0.038014388762728946,
                "leu219_c-glu220_n_ca_c-dihedral": 0.013983028826197317,
                "glu220_n_ca_c-phe221_n-dihedral": 0.010306786540758386
            }
        }
    },
    "cu": {
        "XGBoost": {
            "best_params": {
                "model__learning_rate": 0.05,
                "model__max_depth": 9,
                "model__n_estimators": 400,
                "model__reg_alpha": 0.2,
                "model__reg_lambda": 1.0
            },
            "mse": 0.33971159822406466,
            "r2": 0.7802277114259106,
            "feature_importance": {
                "tyr143_ca_cb_cg_cd1-dihedral": 0.041089270263910294,
                "tyr143_ce1_cz_oh_hh-dihedral": 0.1944088488817215,
                "asn142_c-tyr143_n_ca_c-dihedral": 0.015041949227452278,
                "tyr143_n_ca_c-asn144_n-dihedral": 0.02133972756564617,
                "tyr143_c-asn144_n_ca_c-dihedral": 0.4054253101348877,
                "asn144_n_ca_c-cys145_n-dihedral": 0.017490306869149208,
                "asn144_c-cys145_n_ca_c-dihedral": 0.009592931717634201,
                "cys145_n_ca_c-his146_n-dihedral": 0.09818321466445923,
                "cys145_c-his146_n_ca_c-dihedral": 0.09745431691408157,
                "his146_n_ca_c-asn147_n-dihedral": 0.010888831689953804,
                "ser200_c-thr201_n_ca_c-dihedral": 0.010734462179243565,
                "thr201_n_ca_c-cys202_n-dihedral": 0.009798322804272175,