{
    "XGBoost": {
        "best_params": {
            "model__learning_rate": 0.05,
            "model__max_depth": 9,
            "model__n_estimators": 550,
            "model__reg_alpha": 0.2,
            "model__reg_lambda": 1.0
        },
        "mse": 0.4610667427934344,
        "r2": 0.5121356215527386,
        "feature_importance": {
            "asn142_c-tyr143_n_ca_c-dihedral": 0.015261282213032246,
            "tyr143_n_ca_c-asn144_n-dihedral": 0.05435865372419357,
            "tyr143_c-asn144_n_ca_c-dihedral": 0.04250301048159599,
            "asn144_n_ca_c-cys145_n-dihedral": 0.04898301139473915,
            "asn144_c-cys145_n_ca_c-dihedral": 0.15450064837932587,
            "cys145_n_ca_c-his146_n-dihedral": 0.207333505153656,
            "cys145_c-his146_n_ca_c-dihedral": 0.1485552340745926,
            "his146_n_ca_c-asn147_n-dihedral": 0.08429873734712601,
            "ser200_c-thr201_n_ca_c-dihedral": 0.033692311495542526,
            "thr201_n_ca_c-cys202_n-dihedral": 0.10341265797615051,
            "thr201_c-cys202_n_ca_c-dihedral": 0.04253903776407242,
            "cys202_c-ser203_n_ca_c-dihedral": 0.0,
            "ser203_n_ca_c-ala204_n-dihedral": 0.023061010986566544
        }
    },
    "ElasticNet": {
        "best_params": {
            "model__alpha": 1e-05,
            "model__l1_ratio": 0.2,
            "model__max_iter": 100000
        },
        "mse": 0.6319338988828905,
        "r2": 0.3313375045651936,
        "feature_importance": {
            "asn142_c-tyr143_n_ca_c-dihedral": 0.038294496375714006,
            "tyr143_n_ca_c-asn144_n-dihedral": 0.11337011236537943,
            "tyr143_c-asn144_n_ca_c-dihedral": 0.005494427200247405,
            "asn144_n_ca_c-cys145_n-dihedral": 0.005639621560159646,
            "asn144_c-cys145_n_ca_c-dihedral": 0.2078448077357054,
            "cys145_n_ca_c-his146_n-dihedral": 0.4893661619787756,
            "cys145_c-his146_n_ca_c-dihedral": 0.4258460491364593,
            "his146_n_ca_c-asn147_n-dihedral": 0.15887744830862735,
            "ser200_c-thr201_n_ca_c-dihedral": 0.26979271085718237,
            "thr201_n_ca_c-cys202_n-dihedral": 0.5154693000468229,
            "thr201_c-cys202_n_ca_c-dihedral": 0.26280905120057885,
            "cys202_c-ser203_n_ca_c-dihedral": 4.6459789512634804e-05,
            "ser203_n_ca_c-ala204_n-dihedral": 0.01172285079744291
        }
    }
}