{
    "reduced": {
        "XGBoost": {
            "best_params": {
                "model__learning_rate": 0.05,
                "model__max_depth": 9,
                "model__n_estimators": 400,
                "model__reg_alpha": 0.1,
                "model__reg_lambda": 1.0
            },
            "mse": 0.4307613635067503,
            "r2": 0.6018914640827289,
            "feature_importance": {
                "asn142_c-tyr143_n_ca_c-dihedral": 0.012459399178624153,
                "tyr143_n_ca_c-asn144_n-dihedral": 0.04706370085477829,
                "tyr143_c-asn144_n_ca_c-dihedral": 0.036913637071847916,
                "asn144_n_ca_c-cys145_n-dihedral": 0.04130656272172928,
                "asn144_c-cys145_n_ca_c-dihedral": 0.10469131916761398,
                "cys145_n_ca_c-his146_n-dihedral": 0.07530514150857925,
                "cys145_c-his146_n_ca_c-dihedral": 0.06469334661960602,
                "his146_n_ca_c-asn147_n-dihedral": 0.20818042755126953,
                "ser200_c-thr201_n_ca_c-dihedral": 0.03717702254652977,
                "thr201_n_ca_c-cys202_n-dihedral": 0.1058397963643074,
                "thr201_c-cys202_n_ca_c-dihedral": 0.029253702610731125,
                "cys202_n_ca_c-ser203_n-dihedral": 0.08686142414808273,
                "cys202_c-ser203_n_ca_c-dihedral": 0.08520731329917908,
                "ser203_n_ca_c-ala204_n-dihedral": 0.025443973019719124,
                "leu219_c-glu220_n_ca_c-dihedral": 0.017672846093773842,
                "glu220_n_ca_c-phe221_n-dihedral": 0.021930385380983353
            }
        },
        "ElasticNet": {
            "best_params": {
                "model__alpha": 1e-05,
                "model__l1_ratio": 0.2,
                "model__max_iter": 100000
            },
            "mse": 0.6714587302950298,
            "r2": 0.3794395814181809,
            "feature_importance": {
                "asn142_c-tyr143_n_ca_c-dihedral": 0.044126200930061,
                "tyr143_n_ca_c-asn144_n-dihedral": 0.08480190230623859,
                "tyr143_c-asn144_n_ca_c-dihedral": 0.03812441495048723,
                "asn144_n_ca_c-cys145_n-dihedral": 0.005151548615451988,
                "asn144_c-cys145_n_ca_c-dihedral": 0.10771512944600375,
                "cys145_n_ca_c-his146_n-dihedral": 0.32014455860363256,
                "cys145_c-his146_n_ca_c-dihedral": 0.29921025325059003,
                "his146_n_ca_c-asn147_n-dihedral": 0.27171447190186854,
                "ser200_c-thr201_n_ca_c-dihedral": 0.3744989824188638,
                "thr201_n_ca_c-cys202_n-dihedral": 0.690427032232564,
                "thr201_c-cys202_n_ca_c-dihedral": 0.31593742045541734,
                "cys202_n_ca_c-ser203_n-dihedral": 0.3523118764019346,
                "cys202_c-ser203_n_ca_c-dihedral": 0.3049272152016901,
                "ser203_n_ca_c-ala204_n-dihedral": 0.05936523348201023,
                "leu219_c-glu220_n_ca_c-dihedral": 0.027622029390746015,
                "glu220_n_ca_c-phe221_n-dihedral": 0.06633454570902421
            }
        }
    },
    "oxidized": {
        "XGBoost": {
            "best_params": {
                "model__learning_rate": 0.05,
                "model__max_depth": 7,
                "model__n_estimators": 400,
                "model__reg_alpha": 0.2,
                "model__reg_lambda": 1.0
            },
            "mse": 0.3184345769242217,
            "r2": 0.4503094738500477,
            "feature_importance": {
                "asn142_c-tyr143_n_ca_c-dihedral": 0.016510173678398132,
                "tyr143_n_ca_c-asn144_n-dihedral": 0.09071528911590576,
                "tyr143_c-asn144_n_ca_c-dihedral": 0.06001747399568558,
                "asn144_n_ca_c-cys145_n-dihedral": 0.07468879967927933,
                "asn144_c-cys145_n_ca_c-dihedral": 0.3111959397792816,
                "cys145_n_ca_c-his146_n-dihedral": 0.10465001314878464,
                "cys145_c-his146_n_ca_c-dihedral": 0.06868556886911392,
                "his146_n_ca_c-asn147_n-dihedral": 0.026530437171459198,
                "ser200_c-thr201_n_ca_c-dihedral": 0.029461847618222237,
                "thr201_n_ca_c-cys202_n-dihedral": 0.04272831603884697,
                "thr201_c-cys202_n_ca_c-dihedral": 0.04160936176776886,
                "cys202_n_ca_c-ser203_n-dihedral": 0.0309978649020195,
                "cys202_c-ser203_n_ca_c-dihedral": 0.03484204038977623,
                "ser203_n_ca_c-ala204_n-dihedral": 0.027257878333330154,
                "leu219_c-glu220_n_ca_c-dihedral": 0.01976393349468708,
                "glu220_n_ca_c-phe221_n-dihedral": 0.020345056429505348
            }
        },
        "ElasticNet": {
            "best_params": {
                "model__alpha": 1e-05,
                "model__l1_ratio": 0.2,
                "model__max_iter": 100000
            },
            "mse": 0.3996314647572491,
            "r2": 0.3101451725176052,
            "feature_importance": {
                "asn142_c-tyr143_n_ca_c-dihedral": 0.004004411602126034,
                "tyr143_n_ca_c-asn144_n-dihedral": 0.1199151314148959,
                "tyr143_c-asn144_n_ca_c-dihedral": 0.014270639612907227,
                "asn144_n_ca_c-cys145_n-dihedral": 0.10365474265695476,
                "asn144_c-cys145_n_ca_c-dihedral": 0.4050945693889489,
                "cys145_n_ca_c-his146_n-dihedral": 0.24388471448763238,
                "cys145_c-his146_n_ca_c-dihedral": 0.1953403294161449,
                "his146_n_ca_c-asn147_n-dihedral": 0.043363930495198336,
                "ser200_c-thr201_n_ca_c-dihedral": 0.27629248865653017,
                "thr201_n_ca_c-cys202_n-dihedral": 0.4018802632169579,
                "thr201_c-cys202_n_ca_c-dihedral": 0.2868568484099919,
                "cys202_n_ca_c-ser203_n-dihedral": 0.05028457080374079,
                "cys202_c-ser203_n_ca_c-dihedral": 0.04780811554284193,
                "ser203_n_ca_c-ala204_n-dihedral": 0.02647833229753989,
                "leu219_c-glu220_n_ca_c-dihedral": 0.016933662407946914,
                "glu220_n_ca_c-phe221_n-dihedral": 0.012353588602316286
            }
        }
    },
    "cu": {
        "XGBoost": {
            "best_params": {
                "model__learning_rate": 0.05,
                "model__max_depth": 7,
                "model__n_estimators": 700,
                "model__reg_alpha": 0.2,
                "model__reg_lambda": 1.0
            },
            "mse": 0.38566761918349635,
            "r2": 0.5729792321851224,
            "feature_importance": {
                "asn142_c-tyr143_n_ca_c-dihedral": 0.013565133325755596,
                "tyr143_n_ca_c-asn144_n-dihedral": 0.030303461477160454,
                "tyr143_c-asn144_n_ca_c-dihedral": 0.04128209874033928,
                "asn144_n_ca_c-cys145_n-dihedral": 0.030515383929014206,
                "asn144_c-cys145_n_ca_c-dihedral": 0.03754737228155136,
                "cys145_n_ca_c-his146_n-dihedral": 0.37156224250793457,
                "cys145_c-his146_n_ca_c-dihedral": 0.28551796078681946,
                "his146_n_ca_c-asn147_n-dihedral": 0.024950072169303894,
                "ser200_c-thr201_n_ca_c-dihedral": 0.01649060845375061,
                "thr201_n_ca_c-cys202_n-dihedral": 0.022345498204231262,
                "thr201_c-cys202_n_ca_c-dihedral": 0.024509599432349205,
                "cys202_n_ca_c-ser203_n-dihedral": 0.023816993460059166,
                "cys202_c-ser203_n_ca_c-dihedral": 0.024856165051460266,
                "ser203_n_ca_c-ala204_n-dihedral": 0.02459973655641079,
                "leu219_c-glu220_n_ca_c-dihedral": 0.013045649975538254,
                "glu220_n_ca_c-phe221_n-dihedral": 0.015092089772224426
            }
        },
        "ElasticNet": {
            "best_params": {
                "model__alpha": 0.0001,
                "model__l1_ratio": 1.0,
                "model__max_iter": 100000
            },
            "mse": 0.4800650452487429,
            "r2": 0.4684600572451313,