{
    "XGBoost": {
        "best_params": {
            "model__learning_rate": 0.1,
            "model__max_depth": 7,
            "model__n_estimators": 250,
            "model__reg_alpha": 0.0,
            "model__reg_lambda": 1.0
        },
        "mse": 0.5246844662386043,
        "r2": 0.4448203757842695,
        "feature_importance": {
            "asn142_c-tyr143_n_ca_c-dihedral": 0.0164865180850029,
            "tyr143_n_ca_c-asn144_n-dihedral": 0.07686315476894379,
            "cys145_n_ca_c-his146_n-dihedral": 0.24218754470348358,
            "asn144_n_ca_c-cys145_n-dihedral": 0.07164094597101212,
            "tyr143_c-asn144_n_ca_c-dihedral": 0.05999300256371498,
            "cys145_c-his146_n_ca_c-dihedral": 0.21131311357021332,
            "his146_n_ca_c-asn147_n-dihedral": 0.12303531914949417,
            "cys202_c-ser203_n_ca_c-dihedral": 0.0420394241809845,
            "ser203_n_ca_c-ala204_n-dihedral": 0.024540547281503677,
            "ser200_c-thr201_n_ca_c-dihedral": 0.13190045952796936
        }
    },
    "ElasticNet": {
        "best_params": {
            "model__alpha": 2.5e-05,
            "model__l1_ratio": 1e-05,
            "model__max_iter": 100000
        },
        "mse": 0.6716432366530006,
        "r2": 0.28932022248495803,
        "feature_importance": {
            "asn142_c-tyr143_n_ca_c-dihedral": 0.03705873392710703,
            "tyr143_n_ca_c-asn144_n-dihedral": 0.23448626005354456,
            "cys145_n_ca_c-his146_n-dihedral": 0.4727855843811089,
            "asn144_n_ca_c-cys145_n-dihedral": 0.09840616912585572,
            "tyr143_c-asn144_n_ca_c-dihedral": 0.10241152149833935,
            "cys145_c-his146_n_ca_c-dihedral": 0.4023148140498698,
            "his146_n_ca_c-asn147_n-dihedral": 0.17500178313776724,
            "cys202_c-ser203_n_ca_c-dihedral": 0.04656984122788725,
            "ser203_n_ca_c-ala204_n-dihedral": 0.03459636593428206,
            "ser200_c-thr201_n_ca_c-dihedral": 0.08717276911301272
        }
    }
}